Designation,Company name,URL,Experience,Salary,Description,Job Description
Python Software Developer,Zensar,https://www.naukri.com/job-listings-python-software-developer-zensar-technologies-limited-hyderabad-secunderabad-pune-bangalore-bengaluru-4-to-9-years-220822001827,4-9 Yrs,"14,00,000 - 24,00,000 PA.","Hyderabad/Secunderabad, Pune, Bangalore/Bengaluru"
"Python Developer with spark, pyspark and AWS",TATA CONSULTANCY SERVICES (TCS),https://www.naukri.com/job-listings-python-developer-with-spark-pyspark-and-aws-tata-consultancy-services-ltd-kolkata-hyderabad-secunderabad-pune-ahmedabad-chennai-bangalore-bengaluru-delhi-ncr-mumbai-all-areas-4-to-9-years-220822005200,4-9 Yrs,Not disclosed,"Kolkata, Hyderabad/Secunderabad, Pune, Ahmedabad, Chennai, Bangalore/Bengaluru, Delhi / NCR, Mumbai (All Areas)"
Python Developer Tata Consultancy Services(Tcs),TATA CONSULTANCY SERVICES (TCS),https://www.naukri.com/job-listings-python-developer-tata-consultancy-services-tcs-tata-consultancy-services-ltd-kolkata-hyderabad-secunderabad-pune-ahmedabad-chennai-bangalore-bengaluru-delhi-ncr-mumbai-all-areas-4-to-9-years-220822001326,4-9 Yrs,Not disclosed,"Kolkata, Hyderabad/Secunderabad, Pune, Ahmedabad, Chennai, Bangalore/Bengaluru, Delhi / NCR, Mumbai (All Areas)"
Python Programming Language Application Developer,Accenture,https://www.naukri.com/job-listings-python-programming-language-application-developer-accenture-solutions-pvt-ltd-bangalore-bengaluru-6-to-8-years-220822903056,6-8 Yrs,Not disclosed,Bangalore/Bengaluru
Python Programming Language Application Developer,Accenture,https://www.naukri.com/job-listings-python-programming-language-application-developer-accenture-solutions-pvt-ltd-pune-4-to-6-years-160822910117,4-6 Yrs,Not disclosed,Pune
Full Stack Developer (JavaScript with Python Expert),Intelliswift,https://www.naukri.com/job-listings-full-stack-developer-javascript-with-python-expert-intelliswift-software-india-pvt-ltd-pune-bangalore-bengaluru-5-to-10-years-080322007787,5-10 Yrs,Not disclosed,"Pune, Bangalore/Bengaluru"
Python Programming Language Application Developer,Accenture,https://www.naukri.com/job-listings-python-programming-language-application-developer-accenture-solutions-pvt-ltd-hyderabad-secunderabad-4-to-6-years-220822903191,4-6 Yrs,Not disclosed,Hyderabad/Secunderabad
Python Software Developer,Collabera,https://www.naukri.com/job-listings-python-software-developer-collabera-technologies-private-limited-bangalore-bengaluru-4-to-6-years-220822002004,4-6 Yrs,"15,00,000 - 18,00,000 PA.",Remote
Python Developer - Engineer,BETA CAE Systems,https://www.naukri.com/job-listings-python-developer-engineer-beta-cae-systems-india-private-limited-pune-1-to-5-years-080722010764,1-5 Yrs,Not disclosed,Pune(Viman Nagar)
Python Software Developer,Tech Mahindra,https://www.naukri.com/job-listings-python-software-developer-tech-mahindra-ltd-hyderabad-secunderabad-pune-bangalore-bengaluru-3-to-8-years-080822008190,3-8 Yrs,"6,00,000 - 16,00,000 PA.","Hyderabad/Secunderabad, Pune, Bangalore/Bengaluru"
SDE - MERN/ Java/ Python/ Scala/ Big Data Developer/ DevOps,Unify Technologies,https://www.naukri.com/job-listings-sde-mern-java-python-scala-big-data-developer-devops-unify-technologies-pvt-ltd-hyderabad-secunderabad-0-to-1-years-270122003485,0-1 Yrs,"3,00,000 - 6,00,000 PA.",Hyderabad/Secunderabad
Python Developer,TATA CONSULTANCY SERVICES (TCS),https://www.naukri.com/job-listings-python-developer-tata-consultancy-services-ltd-hyderabad-secunderabad-pune-bangalore-bengaluru-4-to-8-years-190822001111,4-8 Yrs,Not disclosed,"Hyderabad/Secunderabad, Pune, Bangalore/Bengaluru"
Python Developer,Media Agility,https://www.naukri.com/job-listings-python-developer-media-agility-mumbai-pune-gurgaon-gurugram-bangalore-bengaluru-2-to-7-years-160822503569,2-7 Yrs,Not disclosed,"Mumbai, Pune, Gurgaon/Gurugram, Bangalore/Bengaluru"
Python Programming Language Application Developer,Accenture,https://www.naukri.com/job-listings-python-programming-language-application-developer-accenture-solutions-pvt-ltd-bangalore-bengaluru-2-to-4-years-160822909180,2-4 Yrs,Not disclosed,Bangalore/Bengaluru
Python Programming Language Application Developer,Accenture,https://www.naukri.com/job-listings-python-programming-language-application-developer-accenture-solutions-pvt-ltd-pune-4-to-6-years-120822903479,4-6 Yrs,Not disclosed,Pune
Python Programming Language Application Developer,Accenture,https://www.naukri.com/job-listings-python-programming-language-application-developer-accenture-solutions-pvt-ltd-pune-8-to-10-years-120822902134,8-10 Yrs,Not disclosed,Pune
Python Programming Language Application Developer,Accenture,https://www.naukri.com/job-listings-python-programming-language-application-developer-accenture-solutions-pvt-ltd-pune-6-to-8-years-080822903899,6-8 Yrs,Not disclosed,Pune
Backend Software Developer - Node.js/Python/MongoDB,SuccessR Hrtech Pvt Ltd,https://www.naukri.com/job-listings-backend-software-developer-node-js-python-mongodb-successr-hrtech-pvt-ltd-kolkata-mumbai-visakhapatnam-vizag-hyderabad-secunderabad-pune-chennai-ahmedabad-delhi-ncr-bangalore-bengaluru-4-to-7-years-160822903361,4-7 Yrs,Not disclosed,"Kolkata, Mumbai, Visakhapatnam, Hyderabad/Secunderabad, Pune, Chennai, Ahmedabad, Delhi / NCR, Bangalore/Bengaluru"
Python Developer,ATHINGZ SOLUTIONS PRIVATE LIMITED,https://www.naukri.com/job-listings-python-developer-athingz-solutions-private-limited-hyderabad-secunderabad-pune-bangalore-bengaluru-4-to-9-years-220822006337,4-9 Yrs,"10,00,000 - 20,00,000 PA.","Hyderabad/Secunderabad, Pune, Bangalore/Bengaluru"
Python Developer,Faurecia,https://www.naukri.com/job-listings-python-developer-faurecia-india-private-limited-pune-6-to-10-years-220822006048,6-10 Yrs,Not disclosed,Pune
